x,y,label
-4.795253399562549,2.4145533700297332,3
1.2869073280822638,0.5504044993662498,1
-1.3596605997504696,-3.624208725993146,2
-0.9768675242511928,-10.311350208152579,0
0.11202815794020804,-10.570227040825483,0
-0.5142344983211962,-9.747712101438355,0
-0.09057382025559169,-9.460273815585055,0
-1.2671166116451655,-3.3475667082291545,2
1.257828231694508,-0.28860799714067964,1
-6.289578656157656,3.058925662338652,3
1.8077467952155866,-1.4572354678677704,1
-1.3196721968535305,-9.155471930055192,0
-0.11858046641915188,-9.095397315838579,0
1.100382503271487,-10.357056693500622,0
0.8202197471666888,-2.7600017836206923,2
0.1812330258402236,0.2527865743134685,1
-8.886853015686697,2.24500852067789,3
-1.7063559669509782,-1.1717746060713987,1
-6.680684460787787,2.8858195258729378,3
0.38954933207621056,-0.5382150797995227,1
-5.029485797804015,2.9844820877088796,3
-1.4217191359655104,0.9737217566324472,1
0.8215233113658076,-0.19812438308766533,1
-1.5880373464207393,-9.698306627968398,0
-4.169202845407701,2.301096645564184,3
-4.167893470703177,2.754355298064393,3
-3.9551476899320575,2.040565407868987,3
0.11819675827306086,-3.1259106164034116,1
-1.3192776795332777,-3.233369344849558,2
-2.263631939488419,-4.055072591045725,2
-6.278438795349969,2.099743657334359,3
-0.07808465892485872,-0.7348394273345387,1
-2.140620853033177,-2.073772214787657,2
-2.0253600675789913,-3.590782052963072,2
-4.655301346673001,2.1947882310459064,3
-1.1118915350788483,-2.9989869559196958,2
-6.484314891923818,3.9079341563075802,3
-0.8298846427155522,-2.3835779483097888,2
-2.332256601519995,-4.871463139812132,2
-0.4553989517229432,-8.23326244284514,0
-5.115603332288578,2.855687329686532,3
-1.2243622166807757,-4.221599291766834,2
-2.8570964074170204,-3.5759045699831966,2
1.4297212173820988,-0.35001458208707525,1
-5.953224837190563,1.0032687036180434,3
0.6178563543820372,-2.2166880456341738,1
0.3827999493491615,-3.064464282538488,1
2.3982374291719273,-1.5166528165892246,1
-5.3951815553192874,1.2889332683678585,3
0.2411163013904173,-1.6180700386217193,1
-3.957543208328205,-4.724157826357063,2
-5.126975273356581,1.7512913557911456,3
-1.7664205378442466,-9.81004383343868,0
1.0938469674242741,-0.8993911022890396,1
-1.3047255790938952,-4.271552009718176,2
-5.8174712509930915,0.9431776566993715,3
1.3207932818157964,-2.6047202423342846,1
-6.895670187224243,3.7981752211016033,3
-1.0669432792140747,-7.928961929768013,0
-1.1000352722247118,-9.54840640743869,0
-1.1998313388501207,-8.687950767581457,0
-2.2876564622517486,-4.19360609350827,2
-6.666650718961505,2.5462176822593015,3
-0.1942955531378281,-8.579295968001583,0
-4.864071135346758,1.9122272477942874,3
-1.7429678335282617,-9.69592811369646,0
-5.921280913650227,3.0851536933714914,3
-0.5006219027864269,-8.45487741287713,0
-0.8796831095227033,-10.19112955284465,0
-4.473302888259847,1.4586896230598587,3
-6.730957777048831,1.365383404337346,3
-3.2380597496217343,-4.4255884856133445,2
-5.3897212771789915,2.8186574749392044,3
0.8214490064260951,-3.8029575875422132,2
-6.036409690292024,3.0486624915007905,3
-4.245358881161971,1.4073169218794104,3
0.6530550091891529,-10.552271689079348,0
-1.1984789137954608,-3.4362327213708985,2
1.4932725188861244,0.4943461030660603,1
1.617803603096628,-0.4241311340449282,1
-1.3243593117370895,-2.9386453570438733,2
-4.6535385541373735,2.6857473479929626,3
-2.6874500884823256,-1.7079005917409886,2
-5.352969492030741,3.7107578115107698,3
-1.4398260872813113,-8.932528803619554,0
-1.4935975128737435,-4.111522159668644,2
-0.048909175221502954,-1.5200759733634683,1
0.13134648084788014,-1.8394578877342485,1
1.7223086050215866,-0.11495667125365228,1
-4.942221719986631,1.7828056045746026,3
1.8401617756165027,-1.0491203153911557,1
-6.897481630915671,2.5902038637473455,3
2.411877310055888,-2.023752531126317,1
-6.192602809503593,2.408786767579916,3
-0.4909959923150038,-3.9137292810417694,2
1.238391542306226,-2.8475004974939098,1
-7.564235526749373,1.9587615499763338,3
1.510625330385638,0.14032614611989813,1
-5.435390796284645,3.3587460627672776,3
0.5508446998247034,-8.541299370704445,0
-2.8906012156708876,-8.981535599472126,0
-2.3471690809432477,-10.134406508580453,0
-5.6190956825546134,2.789360375150805,3
-6.520074471089524,1.0517555157455782,3
0.5355029648019456,-1.4281727974311256,1
-6.686970404163351,2.3523778693582127,3
0.03492357484838693,-2.1644229695437254,2
0.5319835699686075,-11.537741104179213,0
-0.786066086224668,-7.93519771757453,0
-5.5888904113577125,3.8948901877244695,3
-1.0006682006150525,-11.30370663188301,0
0.6989263138636983,-1.645379125599349,1
-2.4751018520848085,-9.969405907634039,0
-0.3717006297495977,-5.190828024536988,2
2.304555641884033,-3.2936288434448637,1
-0.8414287737986886,-3.9880488809586336,2
0.16714820017960008,-1.2141278203800603,1
-5.462291025522048,0.9531280489620815,3
1.1083158046198747,-3.062648692265334,1
1.4208905959320277,-0.5484115258040851,1
-0.9866257125487983,-3.5930236177926136,1
-1.022994230538135,-3.986258172020208,2
-1.7104375108394998,-11.43175242617224,0
-1.5142429562896553,-11.73416064519441,0
-6.664393663830245,3.7290638265182956,3
0.9117353928986576,-1.3334456693149634,1
-1.4550988008946848,-10.918618795672954,0
-2.128767958260587,-9.149935715335284,0
-0.43962317753678715,-1.8616677787405638,1
-6.859636960966436,4.48318970355797,3
0.12114461529031029,-1.4400070894463834,1
-0.5178487479350065,-3.035706426171588,2
-2.147957333179895,-4.148006758521538,2
-1.183188693015693,-4.923105347324632,2
-5.70647786961411,2.4123033988500113,3
-6.114098639759055,2.16618782508265,3
-6.666407077927472,1.8606759872856706,3
0.3931513471746628,-1.1413953542996353,1
-3.325968636751261,-8.98698149767332,0
-2.1901675997824785,-8.305021170758977,0
-1.0556341164880572,-2.249369542750382,2
-7.61233209611776,3.2098723012329646,3
-0.7747370613467941,-8.742823527348996,0
-1.1300720806270157,-4.740796549575326,2
-6.524683726609316,2.2137037431118163,3
-1.5491589173759384,-7.250108574555569,0
-5.19318934676628,1.9053361996989384,3
-5.992762133744001,2.9783739954712223,3
-2.9470790850406194,-9.25615756123219,0
2.3077244849844254,-1.6845504722183973,1
1.7455197229919834,-0.7967551694713416,1
-5.8153697334018855,3.8250960475284703,3
-2.614460536270052,-8.798553992825859,0
0.5136353027466003,-2.8555597587728445,1
1.6365058354598518,-0.979108413414987,1
-7.481135588080749,1.6170098977064453,3
-1.6288825360058152,-1.6609166188330928,2
-2.5459129987654587,-3.5428621271491,2
-4.790561982363347,1.9796008819519104,3
-0.4849139326377816,-1.2956633075613107,1
-1.4440647894995196,-9.109853202181808,0
-5.483891317775401,1.8698604649681525,3
0.9314196179846901,-1.5902241571022258,1
-0.11087515295111294,-4.522223040838788,2
0.46477366155797417,-0.3710398271950569,1
-7.242307521438248,2.187488752572155,3
-1.994332147298753,-4.120774512401335,2
-4.806634371821776,3.573981751198881,3
-5.90903526390679,3.1814806633065453,3
0.05546421118079703,-9.178846027264076,0
-5.588667761257902,3.301735411873508,3
2.230528529567194,-1.3527196183649284,1
1.7119268416950524,-0.6335516340729828,1
-0.07115349893407186,-1.6217966403950552,1
0.580830896390402,-2.1140508172734687,1
1.4224271292505064,-1.9907005036404346,1
1.3592085410224133,-1.796053955455152,1
-1.5461230213077148,-10.460406014140272,0
0.8000455872887813,-1.0915543592981134,1
-0.9513562224059875,-2.0430626789027957,1
-6.260177249359324,2.4040292734942326,3
-3.5269622039633655,-4.540945502228242,2
-1.8954914403219432,-2.964265823731533,2
-1.8806223625692462,-7.866602126378916,0
-1.3830629884210244,-8.812246334201868,0
-0.6950648348285806,-4.698481780514933,2
-5.267282288902131,2.3417883564849578,3
1.254863170095883,-3.5093899733448684,2
-7.754272996909045,2.9593527668635686,3
0.9397043015896758,-0.1892762065907989,1
-0.717432879030567,-9.645990420735629,0
-1.661618438925011,-9.41498635429603,0
-6.2708636153789685,1.1183844436810364,3
-1.2203710038584863,-10.477800518266477,0
-3.058702598484767,-9.982266852957627,0
-1.4282491483372266,-7.980038448185596,0
-0.45031291127481654,-9.145409411792315,0
-8.629380327996861,2.6275455757798336,3
-7.230999271837592,2.5495732490853684,3
-6.6175441087407485,1.8975509110406592,3
-5.242647627203581,1.0904210080881696,3
-1.0235315051586291,-10.470254412211796,0
-1.4402463406767336,-4.977057853095854,2
-4.292719347475295,3.384326786603221,3
-4.818064702492995,1.986066413775365,3
-2.65785988865602,-8.295426687755807,0
-1.2545911459534869,-2.5560132519308225,2
0.08172993974951337,-2.843588180254561,1
-8.343680116974694,1.1451779065255527,3
-2.896788168513464,-4.696020690392985,2
-0.5885970161410368,-3.3387204057073365,2
-7.937512012908192,1.4715737993488802,3
1.9535717655429155,-1.525800679664378,1
-1.5163919152142633,-2.9878254190687534,2
1.0291837375775945,-0.5519381010955969,1
-7.995738103565183,1.7206694771999782,3
-2.21915932385744,-7.7834308542611295,0
-2.791066558884918,-3.4293173669998143,2
-1.8202479703604455,-9.735986574423272,0
-2.3861909226140385,-4.841719305311246,2
2.0065424293485,0.4641786757818198,1
1.5930980182280896,0.36331708874379376,1
-2.826776568424341,-11.564127299187124,0
-2.1881850674132135,-3.720170197730078,2
-6.916691437022979,2.1123861665760613,3
-1.734329811876035,-8.967104645976725,0
-1.4547690153308455,-4.068366600786941,2
1.125750465032408,-1.6395445688693733,1
1.8808383509743933,-3.6047004699545417,1
-0.7453989015084065,-2.543981487947008,2
-5.38072808906252,4.173207069352202,3
-6.230501135150256,1.3399411464472395,3
-1.2961607337209968,-2.942365865647866,2
-0.4755723337075064,-1.160628092447956,1
-2.9941693682559576,-9.558114927439544,0
-1.4563480236849797,-10.599437214075891,0
0.6822676891635231,-8.081338529084904,0
2.27781561110788,-1.9481280128104443,1
-1.6667277380476373,-10.366053066735523,0
1.5763032339427396,-0.782024822358072,1
-0.5373886306255755,-2.694081560370961,2
-6.879990106932608,2.249134056346639,3
-1.4554327359184847,-9.731167954813076,0
-0.73172828177913,-3.9428726479748137,2
-1.5636214735232357,-8.943051100651555,0
-6.655970571592751,3.3172036612762397,3
-0.7697963221636074,-5.622585064929125,2
-0.16773062096922908,-2.3913223779443276,2
2.00345474137128,-1.7362873851283267,1
-7.136832265591664,2.3947069407532955,3
-0.8730564568265466,-4.430099243877702,1
2.1931582313041433,-1.273601192014298,1
2.2792703143516917,0.35439248578212745,1
-5.946238582804382,2.8439929208941934,3
-3.483645888184093,-1.5516217193352764,2
-5.041954495540944,1.261034032597056,3
-0.47321769720567564,-3.7615106216821026,2
0.4555061695915411,-1.0303253829177865,1
-3.559956986538614,-4.847870691552067,2
-0.4044130269824704,-9.492251005286091,0
-0.42207570613003464,-3.0927690994957775,2
2.462728609521066,-2.097539917514481,1
-1.0838390630782653,-10.357371733457125,0
-6.137625705154569,0.05971567773740194,3
0.49339077851115143,0.17768015529430548,1
-5.37542422324062,1.6589221218566954,3
-1.4632463846869068,-2.3944395414930315,2
1.7469074869495023,-0.6439159694464757,1
-0.3972376113310625,-1.0575337363202204,1
-7.30141619748375,2.0227709484050624,3
-6.544875266800922,2.4512528017371635,3
0.40079566764363384,-2.58348556331012,1
-0.7845135618137508,-9.753296489768616,0
-7.5114033276950005,1.558389464614256,3
-6.553274759339125,3.080684084183175,3
1.2106795419467233,-1.7971768299094064,1
-5.2345696273396225,1.838040060834384,3
0.43486258205858674,-1.0214622687212422,1
-6.121645228654196,3.1421790543250765,3
-6.0170964018305675,1.447825119042987,3
2.6831308328005323,-1.6725399358436075,1
0.6420486027236383,-1.5518192294502442,1
-6.922593260253841,1.9335991666006445,3
-6.0889088406173535,0.7931245212900648,3
-5.663661909161949,1.9842619247042828,3
-0.18209191840176286,-10.49935341376413,0
-0.9554005264163226,-3.923012114556427,2
-5.222833778948936,2.334992068746903,3
-0.3517249147929429,-2.156227179961817,2
-0.6463911481498839,-10.449975122024725,0
1.1432503222915473,-0.8847522533547136,1
2.1281253271710803,-1.8024766847966638,1
-5.123592928270265,2.57975246021082,3
-5.418559800993725,3.2043161066103147,3
-4.607211972215884,2.4390138045820255,3
1.5999508360110954,-1.0883325054779227,1
1.8514489855130956,-1.655808135353812,1
-0.846605627083354,-8.203096133170305,0
-5.6551307257681,3.4162155618530776,3
1.6362038013992901,-2.225265894501038,1
0.662454935338606,-0.19171111784388994,1
-2.679876839839497,-2.0749883719834,2
-6.302037221304218,2.0376235135037026,3
0.8366972951319822,-1.7157302945317796,1
-2.2945070256334597,-3.4617291717488,2
-1.601389654068362,-2.9768623636447433,2
-1.4769239497917581,-2.8893438847748927,2
-0.9361592331177977,-9.64347871850272,0
-2.0807256797860814,-3.734352292111636,2
-1.73578616017771,-1.1435489571615354,2
-1.1289047818429943,-8.716405882479705,0
1.6805856124771377,-1.8678647434723064,1
-3.183923100102856,-10.679615741759251,0
-3.9131111191223376,2.7064099265684827,3
0.2581104293090428,-2.0892332284390394,1
-0.5787163946128795,-4.250354391390665,2
-1.0071675182418725,-1.4596220411471001,2
-2.680947411971486,-9.173949836744912,0
-2.3015166876819912,-9.049079662462567,0
-6.241627391049382,3.540772199528996,3
-0.856280996530419,-9.29251436837476,0
-2.1140896045465674,-3.8548081342083425,2
-5.513320073773992,1.8461745951090962,3
-1.2449917195348352,-9.284690093472475,0
-5.254884731067481,3.0001852109041898,3
-0.8643261380521383,-3.9818731615380614,2
-1.917756969644226,-10.669087649827459,0
-0.7367310112435248,0.8177519738505743,1
-0.45953762492909855,-9.9706323647028,0
-6.988201127270356,0.7974875634496341,3
-1.1986584252288073,-3.4935741361858432,1
2.1802210195856317,-3.0144571351265768,1
-1.6650174349666456,-3.24300850916344,2
-0.5677186489399524,-3.4175869237561525,2
-6.055622112244667,4.017558023878644,3
-1.866489912636883,-7.746959019037125,0
-0.8969536959222509,-3.050122682865207,2
-1.8703871773498562,-5.653532290048321,2
-1.082352043480805,-9.144639227210769,0
0.08713346676719969,-8.263589730385883,0
-2.8753434912939513,-3.5735827403480656,2
-0.5404030222714409,-1.6826081930965184,2
-1.397484705608691,-2.269243841251789,2
0.27390073842252705,-2.4389075813999526,1
1.2577723129408431,-0.5676898213167548,1
-4.9571124856083095,1.831510972748985,3
-1.226421195712768,-4.738351478071123,2
-2.7547299136263543,-8.444557542800805,0
-0.08292212172480817,-9.269688185680875,0
-1.2823084025695866,-9.6207672462108,0
0.5552307657049,-9.040785491027064,0
0.7005401795407473,0.2913838279970098,1
1.7289702543891892,-1.120326637890501,1
-3.242019373526065,-2.0100924691820325,2
-5.279368315836182,2.433265579094414,3
0.9232717488851383,-2.3477917814198204,1
-1.9302110943929365,-1.7196330800438338,2
-1.5667492468434747,-4.2711726330532525,2
-4.9163029876595505,3.479770017869848,3
-6.828731532262766,1.8829596748802864,3
-0.15139508891038367,-4.1299339319670345,2
-1.4951520888349727,-10.556503927376914,0
-0.7360904239734319,-4.499126402342632,2
-0.822913436341724,-9.652176914559364,0
1.6451658453513032,0.0657422202881317,1
2.1230979685376457,-1.4113107163975442,1
-5.492357201767234,1.5581762076972048,3
-1.9462683368539775,-3.4515103180378257,2
-1.501422899891217,-10.654630984884957,0
3.5443876785140844,-0.34946230060677663,1
1.9784175480174142,-0.7253918289786766,1
-1.2128511067788939,-3.517218120321639,2
-0.725647455180892,-4.528464618930288,2
-0.45064352654653095,-8.850853396165054,0
0.619828683270492,-0.5078933681699442,1
-1.253170154449982,-3.5483296710902805,2
-4.84766964043761,2.61082291623855,3
-1.3945232541900454,-9.979649557363933,0
-1.6107778006475024,-9.194267161282093,0
1.749807650604133,-0.4445336738233632,1
-2.078450686209729,-9.475817566310754,0
-0.4648959157225484,-11.556397728604942,0
-1.6035158402450809,-3.4651461647033925,2
-4.98555841619661,3.086024556695674,3
-1.1000620787017894,-4.229723791633231,2
-0.769804191388972,-2.688531803798282,2
-0.8264001840822893,-9.862639982963058,0
-3.939551413543413,-9.572927986332832,0
-1.5923726268185685,-7.336797274331136,0
-4.098652052645361,2.0662600846400716,3
-0.9150484407190842,-8.707393330037474,0
-1.4704911525065394,-4.007476456780825,2
-0.7328401536491121,-9.747793231829604,0
0.708987903656296,-1.7059073840203842,1
-6.407336405936678,4.198344812594317,3
-1.4542632372128566,-2.5219144955440944,2
-2.643604166142121,-1.874806765292671,2
-0.1139916815939479,-3.5737234972026726,2
0.3891176886985367,-0.873389207792631,1
-0.1473558812265765,-9.111170520694934,0
2.863048171197238,-2.0229347839399727,1
-1.0934608833123423,-3.728052803333722,2
-1.9032858986946428,-4.065013475371301,2
-6.585057180835376,1.298033593003416,3
0.6945237143610199,-0.555535070989853,1
-6.657451042918869,3.1126495802880965,3
0.007366348861508554,-2.7205414564598844,2
-3.7855600892343197,-7.655480906307504,0
-5.6000884565878915,2.407542967171618,3
-1.6812061581114373,-4.408412269427636,2
-4.634663753038192,1.9703077135875209,3
-1.4945128082927193,-3.806093802896831,2
-0.6229260443145488,-1.358374139619949,1
-2.338054176022264,-10.390482978369024,0
1.7318873545616202,-2.880847724114405,1
-1.508349515353959,-11.551087626107623,0
-1.003249293357551,-4.017243974566028,2
0.7405813508554331,-1.6219767687031652,1
0.2682357953371459,-1.299724108127545,1
-2.4197857034795094,-2.1927432129325872,2
-0.9888679471592803,-9.6788063115669,0
1.3278452561772898,-2.3877186944702693,1
0.5091192164211399,-0.5281551980964991,1
-1.9147812623392872,-8.973079120758742,0
-1.0386623283182326,-8.984049714517436,0
-2.2628576236927964,-7.394792635944405,0
-2.340900993490357,-8.889808842714494,0
-1.0372276661416246,-7.501255408792346,0
2.964606144196698,0.06526985967271393,1
-2.266671622088767,-7.937939024338604,0
-2.2945650206800883,-10.596739326479796,0
-3.144922370429139,-2.9648679536962352,2
1.9139532640590433,-2.394763625627953,1
-0.7180608195697769,-9.797569391276568,0
-1.0356070229080543,-0.30345357591756983,2
1.0024376823877876,-9.977254211656668,0
0.6300250394253296,-1.4143904232634656,1
-0.24394021208313088,-3.3266823748035725,2
-5.85720335601043,4.252835313198917,3
-6.734678903740752,4.3656944707521665,3
0.7584606112598861,-1.7839345275065883,1
1.7864514048264084,-1.965327038499773,1
-3.1967324761690463,-11.708816655739636,0
2.5395130807873,-0.3837685746136327,1
-1.255505099245458,-1.8127589627899254,2
-1.0928051843578075,-3.4991393952028167,2
0.10367907770947737,-9.333126120040689,0
-0.1245713675310407,-9.736005822786678,0
0.916521162606911,-1.0417231013237482,1
-0.5073982173319713,-8.419156049752365,0
-5.938953302032253,2.152028067269043,3
-0.45242551272611276,-1.1850186734027406,1
-1.6659532679998381,-4.392850206836483,2
2.2114499779891506,-2.2397207841741595,1
-3.409971161964259,-10.348600868139682,0
-5.413543366732562,0.45418816245365545,3
1.3598427552806776,-2.7480119645187573,1
-7.530087003022335,2.2157735649375683,3
0.32938504997180296,-2.875364718828151,2
-0.1912434912185179,-8.14616361161086,0
-1.6254102126412593,-9.529252502133165,0
2.1215762964367197,-1.2265550006116674,1
0.8526206503293745,-1.539639909189518,1
-4.783812624654491,2.7960672317080917,3
-2.5015311222556935,-7.676998721862448,0
-6.301329954921184,-0.47796459241669353,3
2.0004851714783793,-1.1608917652030466,1
0.5666787537363027,-0.8050117601714809,1
-0.7351901561191854,-9.439544412393994,0
1.360217655536579,-1.2728380642115908,1
-0.17156176831257341,-2.9959978288984743,1
-1.522263972723135,-10.590983364322973,0
-1.3193367561535365,-3.5483040824827254,2
1.775140290629148,-1.7123930194673185,1
-0.880834453755404,-3.3747160818577058,2
-1.744964890557811,-3.337650032839426,2
-8.655474147975042,0.8767868477673921,3
-7.192691971438013,3.163883973689365,3
-1.9336434011944712,-8.072641379479698,0
-6.2260528675793445,2.0129886706598445,3
1.8307524485619306,-1.0031449779557065,1
-6.034671701257137,2.6018674497403715,3
-2.0513117947868125,-3.829932333455798,2
-5.461333363443585,3.7455272572870983,3
-1.6036820272364487,-9.057650655576293,0
1.6299617103733748,-1.3348306340223852,1
-1.3906814364128295,-5.629350111318068,2
-6.3433090010861655,2.9760169985739413,3
-1.5326478393994563,-9.20572427326465,0
1.5279315138964802,-3.138746711929444,1
-0.8681762892948075,-3.932042326094437,2
-0.8351058239877454,-1.0672797637014044,1
0.12712395066746618,0.10697033003068057,1
1.63471768674862,-1.5125902250498326,1
-1.373299823486012,-9.345843947386102,0
1.8552107055816203,-1.0695229973457359,1
-1.3834541254605999,-8.633124796543816,0
-2.4036931410197986,-4.287251354251987,2
2.2384867333508938,-0.10613839862721308,1
2.3802396699927524,-1.4994565349845228,1
1.0794187808472782,-0.15283005014793827,1
-2.1959446891744965,-3.1800877036326307,2
-2.59037248610774,-9.118041391562587,0
0.33507431135171273,-9.055869152348842,0
0.008667449701951657,-9.346549901271233,0
-5.482356506657273,2.4457466381963258,3
-0.6648346029544188,-2.223571961763475,2
0.2114503345376627,-0.5245247517322023,1
-2.53931737248221,-3.5721593177280146,2
-1.6983909824166399,-2.685320955859134,2
-1.2043656351960998,-3.410700001795399,2
1.1578884052840217,-1.9321615777021535,2
0.524493084772939,-1.3108237700115062,1
1.531643171885988,-1.6826709389538252,1
1.2012525778596401,-1.078792628161546,1
-4.412732280728941,2.753980333284329,3
-5.249428918709562,3.5406242965768655,3
-5.6708267270943855,0.889745807940455,3
1.867577722041012,-1.7402188242449188,1
-1.0154640200947855,-5.099693721269622,2
-6.902117979782151,2.3663386185684914,3
-0.25330427953602186,-3.6426452519526022,2
-1.3309686297958356,-10.815887647264326,0
-1.7742546725000337,-3.670989501322919,2
-4.793651692399349,3.2233343963360213,3
0.510089617521283,-1.2623939444337964,1
-4.6929328197061375,2.92300558594686,3
-5.444301307298012,1.7640555906535806,3
-3.799681253528804,-8.090312936022793,0
0.9190085060872265,-1.9923746000095528,1
-0.421329098188989,-1.7519803333761204,1
-5.650756614252723,1.490710521366391,3
-0.28659636268088606,-11.159040745732735,0
-4.883369066824414,3.02966850612587,3
1.2709713744807867,-2.374227421844717,1
-1.8514835650431674,-9.189043296112239,0
-0.8013830096869201,-2.028358022355714,1
-1.6994184393126137,-9.613804261878917,0
-0.9498640299438859,-4.192732651284602,2
-5.271859940258463,3.2099307067803293,3
-0.40926119255171556,-8.88866856666105,0
-0.9322619606213542,-3.4464623556073803,2
-7.164370008347094,1.547664672786392,3
0.43493312415777496,-2.761133570140469,1
1.2245666741630608,-1.7178030053835474,1
-0.5849823521129334,-11.514941909564786,0
1.125082760418292,-2.153110321316353,1
-1.6902386988825913,-9.701417529948921,0
-2.742780302820485,-10.098319833777099,0
-1.3241533849062428,-10.262091754167027,0
0.5338949903578809,-0.9162713883853566,1
0.9371064825881663,-1.7748481890312073,1
-4.773415002526884,2.971066849889179,3
-0.8898055073491627,-8.505965951213609,0
-6.833726791826933,1.9783048623634962,3
-4.5917870281892235,1.4710403259157265,3
-1.512362691359195,-5.207301679958482,2
0.75831931660418,-3.463402451440572,1
0.38973751679990076,-2.686804330191812,1
1.003854853947937,-0.42503892541639676,1
-2.958890215506257,-2.3730343391832305,2
-3.0108966657527283,-5.059212312783574,2
-0.49057939674950035,-9.562223320880243,0
-3.2712064109943686,-4.560633598468835,2
-0.514482820232397,-2.403485123232503,1
-2.3248964524347553,-3.7853535880813736,2
-1.7392368854939535,-8.56972749812645,0
0.04404341542734458,-4.937071917938423,2
-2.5991740676159383,-2.216761890994233,2
-1.4592488140372026,-3.5631885249166295,2
-1.1589963755815962,-10.328304115384068,0
-1.627042488954223,-9.070031847103802,0
-5.100700560709909,5.654729701196145,3
-1.8065954908923316,-2.8668817782971314,2
0.4103194519613891,-2.4449998337469694,1
-6.2564499357296155,2.231188814289096,3
-1.0425244939504568,-5.18606451324729,2
-6.963051573520396,2.7182225314956554,3
0.5435764091823507,-1.9323769271401972,1
2.2282314704687227,-1.9385078823286714,1
-2.087644842645749,-3.660226648582744,2
-5.427517356800718,3.9772779766730624,3
0.11223670517194573,-4.511277094671698,2
-6.320347439082917,2.591094125301671,3
-0.7769888441819404,-4.793565488188307,2
-5.2320162530193715,2.376127412928201,3
-1.973327555168941,-7.833600192081138,0
-4.115923670019528,0.2089044128229376,3
-1.733737133214189,-3.958224868356356,2
1.666014816502038,-0.5268078532417138,1
0.5670494225245224,-0.9542040632427947,1
0.1323467641167757,-4.325637726016284,2
-5.858003073312919,2.660598513119853,3
-1.3455116374990002,-8.715359459907079,0
1.3235977106924266,-8.545559213483513,0
-3.4965699429852277,-6.257520909132765,2
-1.5803473380487827,-2.979958234858266,2
-0.24807673257362794,-4.417023619554643,2
-2.1835570164699734,-4.154123002226818,2
-7.222696316753017,1.0743666142333845,3
-0.7944564776397531,-0.47318111134352825,1
-5.860908888854153,1.5349805312059392,3
0.05121494571226182,-2.0269772140997717,1
0.8262757186814947,-1.2144590529018902,1
1.1334037295183506,-1.3649456695574822,1
-1.402217782193086,-2.5247617336900943,2
-0.2884416682391673,-8.688484645448924,0
-6.0658202134661945,2.8284587534300667,3
2.1934884097893304,-0.9970617632150827,1
2.3570748473160243,-2.846309980462178,1
-1.082598167915981,-4.785370122368305,2
0.6016657488477434,-1.4280251603553227,1
-0.5259409844178988,-9.445550080987061,0
-6.346187632660863,2.346362388722959,3
2.828590666645276,-8.660354486130263,0
1.5433875738085778,-2.9187756465547205,1
1.8111001494271375,-1.5029239915003574,1
1.0905351661184044,0.8851963627182262,1
-4.044579078483479,1.0299159292891635,3
-5.008540967295616,2.652721778493944,3
-1.605151585541711,-10.041709869679972,0
-1.6247256278418014,-11.48355459658893,0
0.4881954745852346,-9.86496054654229,0
-7.007946921603507,2.111924630918297,3
-3.1481926117236885,-7.750290697461706,0
-6.869526052595941,2.135228677985946,3
-6.846334786232396,1.8883434493257543,3
-1.606735105722025,-3.74309096799199,2
-0.8681262679248165,-9.423889712857022,0
0.12442778922364384,-9.982987848292227,0
-3.3369705836101478,-1.626003896993408,2
0.3974421068819747,-10.812637091803202,0
-3.4642795214112208,-10.997680124424182,0
-1.874824456078994,-9.796287206153487,0
-3.959716278192909,2.7817974102562792,3
-2.1628107787341073,-8.596731169240806,0
-6.630661818369308,3.423863207209707,3
-0.8869130961909013,-2.437550933125825,2
-8.326192986676062,1.6888029589628144,3
-2.0101300748655717,-8.921453304944889,0
-6.846916988357115,2.4402950393756453,3
-1.672189179654766,-2.1526739606260605,2
-1.0639859508962428,-11.340087749565672,0
1.0447771409399829,-1.3364790652090188,1
1.1602626558083085,-1.4816430883032077,1
0.9197630102353734,-0.16615822873652197,1
0.3416818733694007,-2.7981145491787784,2
-2.3630315143570195,-10.438100883507108,0
-5.143513209222882,0.6385876545798117,3
-1.4529687185253164,-2.852388791566241,2
-6.284608103522335,4.088101207657823,3
-1.7509087242668233,-9.577444834147409,0
0.10444301385705623,-1.884230100070441,1
3.0763088678337085,-2.3126852783167275,1
-0.7031922393537424,-8.763669668315947,0
-6.054788791503378,2.5265543242833712,3
-1.5221752030571607,-5.096259303081359,2
1.4471641419818013,0.7751587335116534,1
-0.7461101810580135,-3.280668246136591,2
-5.388955105990083,4.217240962487624,3
-2.271815851905999,-2.028174234065018,2
-4.6336135881559635,4.307287862326293,3
-2.3013985782422126,-1.46400259392675,2
-1.2877030955732205,-10.415306024859067,0
1.9025324949532,-2.475657513440744,1
-0.1061625669156816,-1.3552386830878251,1
-6.414352245699329,3.745644281645578,3
-4.2908194521204415,1.2791533435078108,3
-2.3237065278383087,-1.896591624026099,2
-0.44636179811682397,-3.1704167512415755,2
-5.7940859392549005,2.0170613073168613,3
-2.989419186978994,-3.1291846966787262,2
-0.5725087706606573,-4.171211284810731,2
-2.8566189472249093,-4.8523329330407705,2
0.3474166669891078,-3.360454047216705,1
-2.9323022484015056,-10.157137152443005,0
1.0462889439612577,-10.11552849107863,0
-5.111547220216147,3.4483764364352734,3
-1.7915375001621314,-4.252564094290136,2
1.6748535291607287,-0.2870589287117342,1
-1.9293071167218083,-11.90972882130913,0
-1.2977626371503743,-9.245434440527925,0
1.3698966680143183,-1.396470403133244,1
-5.0793808495125985,1.5738154702354747,3
0.3745557400581936,-1.7480896506604573,1
-2.7625674349825955,-8.635163471600094,0
-2.140776323169011,-5.058242106494596,2
-2.15018313977989,-2.883136741086127,2
-7.543465847824507,2.4411336283466936,3
-1.4634786922164562,-10.641282259718782,0
-4.960710910730826,3.0266410976680596,3
-3.098354413928028,-7.444825424748146,0
-1.191589529897294,-2.8867098678990777,2
-0.8982357230332279,-8.915199921999717,0
-6.573324855294701,3.3093301313343395,3
-2.1996329152012364,-4.83899685317055,2
-1.1342618840161034,-9.881581419919332,0
1.0034261104934037,-1.4449422235310834,1
-1.4569578459424313,-6.801831128592167,0
-5.975966944854313,1.9942714594584623,3
1.5072786558818652,-1.3058141758893687,1
-7.93674557014443,1.550159639154685,3
-2.1599784004169464,-3.759653486287597,2
-1.2992324536810762,-8.306474143941882,0
-2.019709033112511,-10.4272270754335,0
-3.150207396980166,-4.413164107863283,2
-0.798647573611036,-3.146717069111381,2
-2.1426330432865712,-11.224348267684691,0
-6.2764631528385175,2.181999129171565,3
0.06664156203192095,-0.6932417535304475,1
0.2681887368027531,-9.797303406614542,0
-0.41050375961497987,-10.568565938284616,0
4.002680746130757,-1.1419050553707777,1
-0.9274981695261617,-1.7408358655326155,1
-8.080938894724879,2.799105723074863,3
-1.5061335205618076,-8.994275123473859,0
-1.440364515992909,-9.428448880682284,0
1.7214863907279412,-3.549491646092071,1
-3.059750981532448,-3.113930376014347,2
-2.1737111662400292,-8.72957300827184,0
-0.7286479126135005,-7.189267350627216,0
-0.48092196212490945,-8.218861700117353,0
-2.701319184464052,-9.634970559119123,0
-2.1285164145949835,-10.839929408554811,0
-1.5562814494106627,-9.99835925717476,0
-6.446155075586512,2.1972351183394694,3
-0.7674288619799031,-1.3599681366041292,2
1.5063146242475205,-0.6028100665961285,1
-5.030998930354475,3.4317409170777284,3
1.7920598667581942,-3.0150816642323424,1
-7.498815045645431,0.8978364323863317,3
0.2861109944044731,-2.527800000676485,2
1.0511301080284459,-1.880320048219916,1
0.4246375545976133,-2.937094959024078,1
1.5362188016199894,-0.7084761037093036,1
-1.0186637806363414,-3.212935131424135,2
-5.917089011962816,1.754531734825266,3
1.962254746515165,-1.6142433247286365,1
-0.9035560461258838,-9.616955127745356,0
-6.662551944183839,2.1492452852560273,3
1.188821873018293,-1.3117772300287693,1
-2.4688364145843473,-3.376745171883323,2
1.8931386515770834,-0.5533004636458633,1
0.8532200053810611,-2.6462296696766625,1
-2.212812701436481,-2.1909961808406067,2
-6.893188131196036,1.618187168269505,3
2.0489411225768044,-0.6385200170991374,1
-3.5022783985270425,-3.7929250719091385,2
-2.251434163215671,-8.491322681305508,0
-3.8971024047838783,2.3761054731164757,3
-7.4618021018489475,3.5264023501895965,3
1.158697827282629,-2.0561107311850204,1
-0.991634638992826,-4.212983645996893,2
-5.917441313713636,2.2167025743791,3
-0.24253705070042475,-9.501668702010981,0
1.2995858613744375,-0.685598710657067,1
-0.6421568757031333,-1.8219051344477966,1
-4.986281538084099,3.4825822598115845,3
-4.702817276455556,2.968842592371378,3
-5.3268899453874,3.4315124805862314,3
0.4565056882279762,-2.5260912908180133,1
-8.502205601691621,2.2254325798441323,3
-1.9536150438892212,-2.94248004520028,2
-6.221744327125252,1.3837815601590622,3
-5.558491462402389,2.1753442936820355,3
1.168390279915961,-0.647201823272991,1
-6.002598273044062,0.7727142062835319,3
-2.073254312779998,-2.292224707274652,2
-0.787988663163061,-3.990898380212532,2
-5.646882264075874,4.192417056684099,3
-0.8968974936998599,-9.898469512317497,0
-4.1472854779488975,3.1038428193544108,3
-1.264889736864037,-2.4780748163977195,2
1.1602982460632496,0.2477357348063769,1
-1.2626271516892484,-2.646975616174755,2
-1.8984774422476036,-9.1026808977352,0
-1.8599289541840789,-2.2491994876438293,2
0.7838738502951124,0.17979149948579565,1
-2.209851333830358,-3.179715020090256,2
0.1331534661808993,0.0777683243565419,1
-2.139106254090281,-2.1232388276042586,2
-1.6639118033374931,-8.259625102640673,0
-0.46021684062554136,-10.11259404602727,0
-1.9208468993074412,-3.825530961753139,2
-0.8970933772928484,-8.38186673729437,0
3.0684768872812045,-0.58730653152876,1
-1.4318443845715931,-3.7520377924106985,2
-2.6135059449544444,-9.951316040195941,0
-4.692652600004553,3.4630299378458327,3
-5.6965792668268245,3.0545104067518913,3
-1.469146008625677,-9.930803964158498,0
0.2630065494285043,-1.2641927030489384,1
-6.870416416501141,2.4321598121665335,3
-5.040910944088761,1.9845031952259218,3
2.018245693758796,-2.4578123342536573,1
-0.6687611775862075,-9.433504771573986,0
-1.9238468573167382,-11.490259890889586,0
-6.7179103871847605,2.255644127036646,3
-0.7173970700445492,-10.063546120896396,0
1.371008727376374,-1.6303237878686656,1
-1.6647255738680675,-3.476237970034671,2
0.41516040881511784,-1.0698618626878156,1
0.06430061174709412,-0.3135213090465443,1
-3.3968402245632277,1.051282564541529,3
-0.1590654487030314,-4.651969624536231,2
1.7006100976052578,-1.417826292192045,1
1.207082618171723,-9.932836417792824,0
-2.4368011276780663,-8.247440682077599,0
-0.18455969790408844,-10.685643332350788,0
-2.559658841010442,-8.748825350028302,0
-2.25694761728697,-3.6804084491844886,2
1.844433451076973,-0.22422978083941736,1
-1.8102413654255693,-10.740682378805557,0
-0.38933885727636874,-2.0398711374837526,1
2.2024703083921446,-2.237278030459161,1
-2.6989125083084593,-9.733249481811997,0
-8.300309290013457,2.346287073737654,3
-0.22952935046493317,-0.6476089428458687,1
-1.2139755403254222,-8.945917012858605,0
-1.9967630872770794,-2.5333400968405417,2
2.0331705930730317,0.1872969016146271,1
-0.8768681265521285,-3.2124665346792316,2
-0.4413602370814853,-2.975785454600494,2
-1.980380044522789,-8.888482570178848,0
-0.7038268430860064,-9.287546938170792,0
-1.4862722090619678,-9.422107768807871,0
1.2709305213311988,-1.3986024512610096,1
3.0345470779627335,-0.8297978793645904,1
-1.498695843188184,-3.9130846272622533,2
-6.948077859560829,3.246592451348963,3
2.1559099643235218,-2.231611501327969,1
-2.5707300038959673,-1.8064195822074092,2
-0.6854601864753298,-0.1716655488113974,1
-0.09941674603877182,-1.5118088042162325,1
-1.2702258881784652,-8.668041689566616,0
-1.344033574132945,-2.499074572199441,2
-3.6545046412261786,-9.422955428161503,0
-5.516859157912614,0.566432447032637,3
-2.1962881389386295,-2.3775778571258925,2
-7.914158604620556,0.6506414840458581,3
-6.129959724240293,3.630967005911633,3
-2.3329760661286336,-10.380460854515103,0
1.707084413655215,-2.663474067711171,1
-1.601036664992313,-9.231961813707878,0
-2.4643500341819586,-4.536908787290004,2
-6.00942184111468,2.8839417885249765,3
1.1694680005139975,-0.8059743382663571,1
-3.0656575852838,-4.223805014016106,2
1.6245687214373792,-1.7044611311577373,1
1.6898662185019357,-1.028940634865033,1
1.4387887554439194,-1.6174755955664222,1
0.267217285763403,-0.966734947541114,1
0.151958534458286,0.5720433507917213,1
1.5110857144485412,-2.0188675007094643,1
-0.5839039775484942,-8.784059091165243,0
-4.355049867453264,-0.06305864085061375,3
2.2328133700436315,-2.033098498377045,1
0.15473711436995952,0.36460048361624353,1
2.3798262278843705,-0.9727767343547221,1
-1.6356715019773311,-3.7473453865009296,2
-7.250810198814739,1.191537918590372,3
-0.12491140137825574,-1.364029198514583,1
-0.9840683847857513,-3.961708558251005,2
1.7711147106414367,-1.2378493557985975,1
-4.878689564474468,1.4090159334396302,3
-6.20804337586755,1.573389900910753,3
-1.8890161529568168,-9.693669501668442,0
-2.4060057378573307,-8.992978697503753,0
0.5290430279530962,-9.676513272569414,0
0.8135129617029953,-1.6973005704815998,1
-6.67505303219011,3.508983771997112,3
-4.719825524311524,0.2843761614380522,3
0.3766627386628665,0.5141008176937902,1
-1.3381900269584581,-5.370787699289544,2
-2.601841059941517,-5.046504376829234,2
-5.393667476918112,3.779855520367705,3
0.36228628986537914,-1.2239448360713936,1
-0.782161808793104,-9.354971188135668,0
-2.1367278910115237,-5.034421375348574,2
-0.5281371079450442,-10.475236346560765,0
-4.898019794340412,3.4770460399299195,3
2.727308101960372,-0.5786948092700295,1
-1.9786919070963136,-10.410367287965993,0
1.3479201746272726,-3.5102204731812976,1
1.145959816905967,-1.5638604834525158,1
-0.48962472253999123,-3.8046050624496024,2
0.5101270085754479,-2.8266324001378074,1
0.598316727195373,-1.06451727389104,1
-5.949662927512905,3.7480168774636518,3
-0.27863062710806363,-8.286965200505522,0
1.3115702913538922,-0.4611089820784825,1
-1.865220275106452,-1.0071466047209756,2
1.283257879645133,-0.6692764669847204,1
1.2742977094375596,-1.9525685513327802,1
1.2681159780975153,0.34189952555975633,1
-0.6764304965572977,-9.56108881546417,0
-5.892376848899349,4.740960556187815,3
-4.9223719110335304,0.6524106207593476,3
-1.6439643650896476,-2.160412970575276,2
0.34099102051318075,-8.768792089962675,0
-0.6961382019261158,-1.987499184805168,1
0.16720905249161078,-3.757812448840124,2
-0.30650570529598564,-4.364103730423202,2
-5.720672397862659,2.9010034975541945,3
0.8823604549622246,-8.823924116547252,0
-0.493955887336637,-9.287306667783946,0
2.5371261548289494,-3.146311477898907,1
-6.862023722427554,1.848249130083534,3
-2.2025455858290743,-10.000450048650388,0
-1.662039937617972,-3.9797092482574556,2
-2.2191009548987997,-8.852699556242523,0
-0.30975552141464213,-2.0858233341498167,1
-5.2070351219298665,1.7659819137538633,3
-1.4127216163751926,-3.5506528348757165,2
-1.8730686680414088,-9.169871379912337,0
0.7618305198899107,-1.4197766317705205,1
1.0698984594485543,-2.0882759780120215,1
-5.816852809188225,3.0083105121454565,3
-1.5757507614897133,-4.7742336105739955,2
-4.892590685188143,1.0007232905629837,3
-1.8667148045994066,-2.98489833485656,2
-1.293441708510795,-10.249798613035498,0
-6.487655441297991,1.5955444339300642,3
-6.645887508659007,1.3438218530299029,3
-6.350608626940517,0.9579875670185971,3
-5.143132043033603,1.5785976512340574,3
1.1616722465599651,-1.5887909713842652,1
-3.991466123621837,-2.4805162461386248,2
-5.1779722854927055,1.8018938542132026,3
0.38703574728264645,-2.2580906428252687,2
-0.3269245568640782,-9.826717328431121,0
-0.5547486978028663,-9.840949822587204,0
2.2756147114154848,-0.9443945203522626,1
-3.8210699957492107,-4.751111858823529,2
-1.4963548075588682,-3.1568840941765024,2
-1.7085814861381776,-3.2924864432322725,2
-5.371181479532471,1.1614217887571203,3
-3.1854594526298987,-1.5111438071664565,2
0.8200613565406792,-1.7331373333925266,1
1.3183706629197642,-1.1392940170250303,1
-2.068773769899983,-2.068592859670722,2
-2.184192559974066,-1.4448353227585946,2
-5.509171430405987,2.1312497162084583,3
-1.657122119017498,-2.8644471298934873,2
1.345862295112373,-1.1679290486323977,1
2.797561653983985,-1.1971558330857295,1
-0.9406421855347259,-8.638082355990607,0
-4.909947528285135,3.1151722734203995,3
-6.2987086626094895,2.601248503562645,3
-0.741043636579136,-10.077635063248641,0
0.5901739856247525,-3.103734329115695,2
0.9845289675885405,-2.2091112105395876,1
-2.886338653229428,-3.4262689095740275,2
-0.6447381994224634,-7.379246095989605,0
-1.309037802796602,-8.308792802878012,0
-0.4496782256217209,-5.549240823573199,2
-6.492784317097268,0.33501083902070095,3
-0.9410644771199845,-9.488302857604754,0
-0.2604104430444185,-4.571295306132605,2
-0.6483030333755584,-9.06388263291591,0
0.498223902627767,-0.9560374343159167,1
-0.9068749764172667,-9.39954357040741,0
-0.46517520639685306,-1.715620979487217,2
0.6934158123738483,-2.2007353277546073,1
-7.362250396232319,2.3310161470720017,3
-0.9346525871062682,-9.864278463039339,0
-4.319118721271931,2.2130091073216316,3
1.395328829549503,-1.1452098389281968,1
-1.3922697396673818,-4.5042904393050245,2
-0.5665775094588047,-6.951740489228726,0
0.6327022831635394,-4.2950532909256385,2
-7.17655081763321,1.595638079957614,3
0.11024405294908424,-11.133154963233602,0
0.8458429103195674,-0.4005218350621822,1
1.1265789355184928,-0.6953351444076302,1
-6.706247512702822,2.957782136112502,3
-4.418181351489155,1.6800721449566827,3
0.2516583591570314,-11.46732113723482,0
1.6000894688396663,-1.160477223159609,1
-2.4144204401905434,-10.18889625100596,0
-5.5657066347353625,0.9626229522545433,3
-6.580466621348303,1.5414078464120635,3
-5.286036355403423,1.1160003132834906,3
0.6570428896696137,-2.77438564882846,2
-1.247607238938842,-10.275653327075851,0
-1.2658752910284035,-2.3092376563907853,2
-0.9808912875372541,-8.802208185418166,0
1.850231779828563,0.5849195670374743,1
-6.8078475537932235,3.5521384642514247,3
-5.82103368064933,1.7848908371488215,3
-2.6497406297861934,-6.8111381186424795,0
-6.5516872094439655,1.778597737349287,3
-6.483108091593026,2.6036876748628273,3
3.0726262088107434,-1.8060457810767736,1
-6.0240725306307015,2.6261355341680286,3
-4.457744650784585,1.00127648023781,3
-1.9333522249519604,-8.639019081870833,0
0.18757605341348804,-9.817152701966021,0
-1.6434013313112312,-4.29776861811557,2
-3.1804041567616324,-3.795326681849793,2
-6.6158692396748195,2.2882770589945265,3
-0.06425557322828723,-1.2231182635122528,1
-1.4710265218152199,-10.106728881554048,0
1.4115159683620377,-0.5225341542849656,1
-2.4981705183677487,-3.4301973006654327,2
1.5544137556616078,-2.3046268977186193,1
0.3047984867420904,0.3820561489685532,1
-6.789063805384107,1.8111358611229993,3
-0.06777188169529524,-4.277117189720964,2
0.30730496910087646,-2.111839420353422,2
2.7280122424179782,-0.20478151437643155,1
-1.362347332193055,-9.786141948291831,0
-0.001984072732028608,-2.990675507530638,2
0.5658986217948705,0.8376943402001622,1
1.464549450873396,-2.0877022050798217,1
-7.410316202650951,2.1748058059871846,3
-4.677044285281237,2.0442909808877627,3
-1.4888055862724394,-9.343857372137213,0
-1.9782729547428177,-9.241524165169288,0
-2.9579268326824244,-5.064850067234194,2
-2.0136669011829755,-4.43514915854241,2
-5.097761666443385,1.6397770291281695,3
-1.9028459679182228,-4.268209746855029,2
-6.981766692358583,3.5276314509252127,3
-4.37118340035771,1.6621189231447837,3
-0.8070031817351025,-3.7690828811438446,2
-2.9166079955406037,-5.184005176012217,2
-3.448720456063197,-10.146655529526344,0
-2.0202387725211386,-2.743421763746409,2
-6.247618936568749,3.1330815510424523,3
1.2114453301401023,-1.335482575616034,1
0.8079433465905257,-0.03998489339906608,1
-6.717204302394771,0.8948916452406752,3
-3.5760134759164317,-2.1060753887158907,2
-2.1092372461747035,-9.393765145033843,0
-1.5832637057207921,-1.207881402066643,2
1.2461736734823654,-1.8722385648777697,1
-1.845221340796443,-8.91635362893027,0
-2.093596091111455,-3.9789410316618135,2
-0.2571272253043295,-3.677264381393882,2
-0.8609136464650076,-3.3485940908371226,2
1.3859727206800743,-1.4310906771406127,1
-6.500674117532595,1.2547030874974103,3
0.06601955901003898,-3.46373925349202,2
-5.934232291000043,2.950448700258311,3
-0.8530844996044494,-9.074487614330074,0
-1.5957951674626984,-10.831477466107717,0
-0.8835817984732162,-9.796092799098105,0
-6.454387595616024,1.6350696759359304,3
-7.546925912361584,1.93710105280756,3
-0.23171329874780278,-9.14871284031805,0
-5.446401512772548,2.7116897123205543,3
-4.451083456666991,2.940346194923113,3
-2.91398558855948,-8.891581059571484,0
2.6826782294503295,-1.9255146241354457,1
-2.1902997944094125,-3.3678081857915125,2
-2.0851383172554407,-3.9375335328719734,2
-5.362836021634515,1.2134109363604915,3
1.9103734854204426,-2.707512695275467,1
-0.2346239695214194,-8.112459339041205,0
-5.958330222844821,2.2425434127427506,3
-0.7728753531296064,-7.4916400689369205,0
-1.8252778434490657,-3.527770585042727,2
0.5200710068854404,-6.20076068652824,2
-5.5196092046070335,3.4502234530536224,3
1.0137546764708338,-2.404044706529848,1
-2.205497382585497,-3.1050627191840405,2
-1.7600870686925758,-10.501124462918103,0
-1.833051396723147,-9.181948550262016,0
-2.1632275182738274,-7.936088536970325,0
-1.3147873231611398,-8.78528161100517,0
-1.8216688333455202,-2.1501535406129264,2
0.5561169925181304,-1.2758806265074352,1
-1.2475364878474333,-11.122035588247016,0
-0.7041798975814015,-2.8457889764139717,2
-5.68079316464334,1.5762471040586168,3
2.043175290224413,-2.0270719617324175,1
2.1766361748019873,-0.918795577164512,1
-2.470766012966927,-2.880363487569902,2
-0.4993476011372482,-10.537315002007988,0
-0.131074546270876,-3.5591205163762583,2
0.7202268117982075,-0.30306042368928743,1
-6.318136657201746,2.278330533641046,3
-2.413235230836907,-9.048382808785483,0
-5.190307564121962,4.4756523953723875,3
-0.24932745897610542,-3.1366664330391085,2
0.3935043247445035,-1.2470414748846257,1
-1.4469326295030753,-4.1711587560082934,2
-5.387218267079039,2.790346599551214,3
0.7746316779296429,-1.8493322923402773,1
0.5125641819851885,-1.0188521908094936,1
0.4776278295990196,-1.5311165409202203,1
-1.2886730801607236,-3.4947401062578427,2
-3.0180614615444927,-8.440651410051444,0
0.6168302863923321,-10.11055451424068,0
1.2848630615711318,-2.1807494155149123,1
-5.509640755543021,2.8457877161942156,3
-1.1426739730124735,-2.669540320463203,2
-2.555214511042686,-10.381975677333207,0
-3.3961122605714067,1.1920491652059333,3
-0.7611770329975419,-9.974470274896717,0
1.754697960699943,-0.39129575683511886,1
-1.5809998589351495,-3.0558461377218187,2
-0.2068275572946099,-1.0790250267815646,1
1.3737984175952636,-2.895866390970086,1
-2.388453624068484,-10.071565963923549,0
-5.6023685320398435,2.463047268040049,3
-4.345008155491454,2.2705175061031926,3
1.7133936181649814,-0.09783644079264775,1
-1.7101545097319037,-3.151456599025518,2
1.1464496736903873,-3.027221469496996,1
-4.416623236329421,3.647334551664983,3
-1.0758939782458128,-8.074779121780804,0
-6.360332735117494,2.6682527199158685,3
-4.7256585922563845,1.0599931958498554,3
-1.9378703196088436,-10.732923769756502,0
1.3985390138122633,-2.6817206229813686,1
0.025065978601537475,-2.998808090412626,2
-0.27695144065342703,-2.413470799049067,2
-1.1947375237372746,-8.816141085519947,0
-3.383660299753154,-10.23285020518463,0
-2.7281215528573286,-4.380114229676016,2
-6.838533960175188,2.669703736083273,3
0.12153985133019729,-2.678983909811574,2
-1.069166790093464,-4.789963424295608,2
0.46112259981404935,-11.784508182947556,0
-0.894103881647943,-9.683464107821264,0
-2.504368579246856,-2.528141669270151,2
-0.26138491026681687,-7.179097074899824,0
-0.6837718528031607,-2.04257831145194,1
-6.371756136248293,1.0306098680977775,3
-0.48131410845300837,-2.064655388765605,1
-1.7484482167181568,-10.736195670555029,0
-6.747411247567471,0.6763275886640656,3
-0.21788785867661264,-2.4588120127822544,2
-0.44248616319390366,-9.613157766694018,0
-0.03582252704254385,-0.7056225524889068,1
0.5124908952383591,-9.91048868195202,0
-6.124710816068659,4.130687764414175,3
-6.811617512215114,2.2014531555722674,3
1.6263322677458372,-1.4526787128204568,1
-1.574812732620137,-2.8246617744851124,2
-3.0586998435254826,-4.285538410268978,2
1.4495554283659526,-4.247307696953554,1
2.5319855515013865,-2.1015171342461576,1
-1.949926163893168,-2.813581274458555,2
-1.9577775344879664,-10.920914390180792,0
-1.3213992648145423,-3.775519564944296,2
-6.111547279090695,1.5350701992041422,3
-0.6857928001189454,-9.559582700827937,0
-0.6659406759246695,-4.104371645895221,2
-6.045543688916175,1.5575895809004474,3
-4.464528519835581,0.745693566979849,3
-2.5103033096433482,-3.1937308674667584,2
-1.4829426946787847,-8.810328600365814,0
2.6769933989142425,0.32110680255067003,1
-5.61631732204024,2.5158242415686667,3
-5.865792162795446,0.11267313165227533,3
2.8037812189974245,-0.01999635758347318,1
-1.168361865097553,-3.838621502052044,2
-5.1039594415969285,0.32235257270567796,3
-5.77839255467171,1.8406564697479597,3
-0.22246738672981792,-8.639106018443044,0
-7.016986414345151,2.614772936613014,3
-1.7981408715288925,-3.16695657366126,2
1.2069714917441843,-1.8268942497438179,1
-1.7236134196528892,-11.076609762300897,0
-5.848118053910961,1.2850577472605396,3
-0.16221522370908303,-9.7557174523057,0
-0.6802815277017027,-8.932090897983004,0
1.0470934351326302,0.036865430582138536,1
-0.8562955582755889,-3.7324461325210994,2
-3.234771159202515,-4.546430591891573,2
-2.949720202107817,-3.9443269199475175,2
-1.8738575400425317,-8.331974795724191,0
-1.1972794768484707,-10.568870160177859,0
-1.3749055815848839,-2.76503953821946,2
-0.38323445485187335,-1.6762696739954162,2
0.8684998333125487,-3.0235023602019773,1
-2.4351744209998607,-3.2707044008223303,2
-6.669527505171101,3.629313406271608,3
-0.534381815604918,-3.458915324462146,2
-2.3638058307474936,-4.300905153915781,2
0.8200367003716886,-1.2094572375846668,1
-1.4345119195180391,-11.230764167254454,0
1.2805664456664172,-2.494917984723519,1
-0.31659403250047635,-4.1008147803408015,2
-3.0054564394242442,-2.8799149892607407,2
-5.826055564284751,3.2677280615929236,3
-1.1806026918387256,-11.885701416268898,0
-1.9217181472498819,-2.2848255457485367,2
-6.086203253817595,1.2736136064424932,3
1.37287774273442,-2.212512433141589,1
-6.145583696364092,2.63224378193225,3
1.5798989551042308,-1.4624119969689238,1
-1.3329666965603482,-9.418482687993382,0
1.4180506003773088,-0.38004666403495513,1
-5.980003536419928,2.5079249995864323,3
1.3547560742452982,0.888179039118556,1
-2.2947646402316964,-8.235193631134017,0
2.240844489924345,0.29325007354547084,1
-1.3927975090195912,-3.466986207527503,2
-1.8919499477859016,-3.449607147003292,2
-2.124410197775456,-10.041295476370058,0
-1.4531731223853996,-9.876821764608982,0
2.1876203480522625,-1.881309768845207,1
-0.23383666520371982,0.19462844525430412,1
-6.332465002681059,3.4060329366963873,3
0.3618126803120221,-9.169777656779953,0
1.7960132476632888,-1.550744731721737,1
3.108714734773892,-0.5667648232996765,1
-6.757941387304227,1.4362873792371942,3
0.9952766499056379,-1.5477855602002641,1
-2.387540683435562,-9.657761504695273,0
-1.5717072603047189,-4.033024334929866,2
-5.714157592271849,1.7866166544816617,3
-6.445612950132443,2.433807931358971,3
1.9856085428237593,-2.256250682453559,1
-1.8732199405310936,-2.9043539941820558,2
-2.5354487746369703,-2.4456200093386893,2
-1.892196707327735,-9.832737824534947,0
-0.7596253692063017,-1.9019138640180908,2
0.6735037155254398,-1.850666744638668,1
-0.5471018696286614,-3.499235415564887,2
-6.685489069779987,1.4201202489382756,3
-1.5936101541533336,-8.710463625372762,0
-5.358858057045334,1.2716433841568007,3
-0.2652318841343142,-4.23391366060976,2
-5.566065609834696,1.567194916135512,3
-2.393403269448747,-9.223472338837238,0
-0.17127724192452298,-2.169651391658184,1
-5.495293242229582,3.3857301796314103,3
1.838541373572062,-1.2299960999987714,1
-1.6345711013751103,-3.29075627890633,2
-1.6839942264978642,-10.865994029978038,0
-1.3641451442201986,-3.707489690441007,2
0.827178677076775,-0.6782479351005388,1
-4.467531407287053,1.0947251855938094,3
0.14486507689208095,-9.928333260212918,0
-1.5841883959612404,-6.8961804953776245,0
-6.316170351101692,1.893137831047132,3
-6.942259880199716,2.4336035146637,3
-4.568862803910498,2.9716174922634897,3
-1.127523778516775,-2.615164189499567,1
-6.971564861001438,0.7811566900160909,3
-2.341467701090763,-9.589992187361158,0
-0.565624854182432,-4.404985351426772,2
-7.843353752438153,2.105555237224342,3
0.06366466041017538,-3.6009784042152955,2
1.5101452316708208,-1.0429278278023948,1
1.8138095327570358,-1.6314058401622655,1
-1.528476658792288,-3.4465869028637632,2
1.30047014705006,0.9195974257652808,1
0.9839780727916322,-1.8101805408551888,1
-1.981137107807084,-4.387277400479831,2
-5.811844063161917,2.041665519668626,3
-6.613417807651427,3.9593652837059343,3
-1.0885283105521468,-10.143684375236422,0
-1.4913746485889323,-11.139210107875401,0
-1.5164253481809151,-7.9134703610327914,0
-1.77510437973371,-10.508644439060298,0
-2.965360359417443,-5.179914906499276,2
1.2487915254330524,-2.052063670173496,1
-2.6387973799383864,-4.346409246173993,2
-1.2210644680996041,-2.049291193811804,2
-6.992760636416028,1.9543037553230804,3
-5.4537979345361185,2.646327955405764,3
-1.3111242471282005,-3.2525633502308415,2
2.617875185167998,-0.6678286878940508,1
-1.8391931741162415,-3.1821077225858705,2
-1.1623054074045929,-10.018160672279686,0
-1.4682473469081947,-9.255514286818373,0
-4.766703564687899,1.5168646201372398,3
-2.3449595020913634,-4.148406415554675,2
-6.877167927782999,1.3986506229446547,3
1.2554549435580413,-2.46186000376491,1
3.1079525433158963,-1.4346598907246764,1
2.357577447821103,-0.5957782718167012,1
-3.6300140545523876,-2.1012897649589872,2
-5.5054801824166635,2.2807825018283805,3
-1.004591246030442,-1.701260051731073,2
-1.2700675868931035,-9.002670754494407,0
-0.5837408064840667,-10.15389578437885,0
-0.24707289123230347,-9.81047779814288,0
-5.46132811083352,1.8471692810282736,3
3.688676921793301,-0.3957124656447766,1
0.8896005773564519,-1.7221468007644298,1
-1.8239853385297549,-9.297173624043815,0
-2.4579573733048607,-4.034023746919133,2
1.8707614552977931,-0.9358052202755229,1
-1.3604075491973888,-10.773699174623806,0
1.708707162556673,-3.1861873811525863,1
0.6464262228094009,-2.3593684378423436,1
-0.4814164238298031,-5.037806851294624,2
-4.865198815944684,3.528012900623735,3
-1.5372269263842437,-9.61845365953052,0
-5.590827273899078,2.029248472823528,3
-2.0762833519938177,-8.65059682908529,0
-3.072517255834388,-4.697435358085165,2
-0.9908494214596629,-9.081177876593296,0
0.9275771756398937,-3.254042563803558,1
-2.3337556746375787,-2.104826344986061,2
0.5463452870691429,-1.8837767501063776,1
-5.784107252706798,0.7259487666953075,3
-0.9275495738652454,-5.3559082562248825,2
-2.609448399664446,-10.227071777694794,0
-4.627663444307465,2.5479599097550847,3
-7.3867966995160605,2.2522505947486318,3
-0.11933949729305393,-0.39609217415266573,1
-0.2439987670331878,-2.091231362459107,2
-0.6147493832518648,-3.813828064532336,2
-1.3638025464583747,-1.6537532326704307,2
-5.789038842846831,2.822928103307197,3
-2.368263525961192,-10.239330916661642,0
0.35594417285468727,-3.035632045432139,2
0.6219152661406118,-10.061858401496892,0
-1.009698833502377,-4.604662124304466,2
-0.4413889716518621,-9.331647413398768,0
-7.7112059865389,1.154140306086989,3
-0.6971704342608082,-3.524374435719984,2
-0.18962883789918128,-0.22924126345616047,1
-1.0646150977582787,-5.068851360808139,2
-4.757899763937165,3.2898365684769812,3
-6.164710130679446,1.4722618100003761,3
-0.5828980243869384,-0.11306401261765542,1
-0.6504934133242802,-4.939069506519562,2
-5.377445726141514,1.3375206538857076,3
-0.5953419882110154,-11.189014413993267,0
-0.4937570665733608,-3.2602537263643763,2
-0.4172141164298273,-2.173648124646074,2
-1.7421073053133052,-9.130586869354428,0
-6.513901810596906,1.9982648172051145,3
-1.5405610926917095,-6.149882317046337,2
-5.707429039601374,2.765320679618022,3
1.2577331616367702,-2.6656264768200293,1
-0.04200015178342431,-0.5850246144315856,1
0.6177291856461719,-1.7494529201858113,1
-1.601392578126335,-4.504968686921805,2
-3.337612150435506,-3.2092294476357055,2
-6.595513023386665,2.576657145152863,3
1.217616711653188,-0.8212923467413441,1
-7.573957612392898,3.1026652530011805,3
-5.987973807274774,1.1317066756911507,3
-6.237410035761542,3.0551797409661097,3
-1.0237935655826949,-8.713850280937045,0
-1.3653868294457,-2.740258166101476,2
-6.817471786809124,2.004921873030328,3
-1.2800921956883287,-8.939122791293144,0
-6.856466484745022,1.4752575148311733,3
-2.1468774622814237,-3.070065399591136,2
-1.8049936242801223,-10.071284046857752,0
-2.6200589084587733,-2.4696408765257623,2
-1.5772767412284163,-10.595786834736971,0
-1.7882425459873512,-1.9955031617958152,2
-5.651680340675977,1.900864951910672,3
-2.178078249577781,-4.663244482865192,2
2.2790953967982945,-1.4606633070302406,1
-5.664401371985653,2.3376722241138874,3
-0.5001270300387624,-2.728701999444442,2
0.32983081162018546,-1.5764392198963644,1
-5.805487454517002,6.518781636617351,3
-1.2385625641615214,-10.599400808555691,0
1.6046859325481861,0.09760400903231559,1
-3.9394533767824433,1.55839536167958,3
-2.3531121358616094,-2.041996256109236,2
-4.820452465136302,1.8058860622895727,3
-1.8103447097838676,-9.401044964594783,0
1.6892429627751246,0.6925229316723955,1
-4.467314012557705,2.0626019624276792,3
-1.6180741065243571,-9.138262631245626,0
-1.2228510106388142,-9.322386876791954,0
1.107356802132374,-1.0263040567301864,1
1.9260914531622557,-0.8537757659795677,1
-1.141069430358212,-10.611879453780489,0
1.9996434439514745,-8.510614043401901,0
-4.121894011066158,1.8646215397643386,3
-2.6568366738227676,-4.847675188745112,2
-1.495526108298734,-9.925930134849164,0
-6.532565710372711,2.877609808500909,3
-4.701845684919068,1.7395741144281327,3
1.3049655219337928,-2.034603520003509,1
-6.612683537231167,1.5152675893140817,3
-1.391327697533173,-1.9947377202223304,2
-6.234243411434642,3.34992993419997,3
-6.137520692126758,0.7595450408074067,3
-0.233353490926703,-0.9372503320896408,1
-0.13524658115931598,-9.63359305024299,0
-5.6515935825848596,2.8151347822583137,3
-0.7274382615557258,-10.32191837593367,0
-5.014197949198317,3.74798829262839,3
-0.25191705800378106,-10.203355089552076,0
-1.8528067575893217,-3.7634251881134135,2
-6.217575690461225,0.06882238668237939,3
-2.1300974598749907,-10.333817160130591,0
-1.0211927599508983,-2.1153108450427522,2
-2.1704119655164895,-2.5015750901742093,2
-5.024427431970184,2.145545455560805,3
-1.6557713802389185,-9.555946126336154,0
-2.3666501100439334,-9.712392860723272,0
-0.416569856504196,-10.386357243539145,0
0.9269264419602816,-2.3742652820122827,2
0.33744259430386814,-0.657904259187261,1
-1.1173266995544133,-4.4768965955785625,2
-5.846842806187223,2.0748417978515175,3
-2.621038541779074,-4.975410847993795,2
-6.754417574745508,1.0853933675365894,3
-2.358841445545515,-9.490456992899052,0
1.8990942139391158,-0.9276110009302267,1
-7.2816895146102105,1.2349125658038824,3
-4.024026865116845,3.493664850342388,3
-1.0821763490699419,-3.8218123706106226,2
1.7391543450589744,-2.493370293694922,1
-6.313065266534063,3.025793138235062,3
-1.1552783107740803,-8.724973220389622,0
-0.5922777982390175,-9.089792499121936,0
-1.100707299253101,-2.852197594547044,2
-6.826937579523769,2.4776449288485516,3
-1.41223119946733,-4.407280392492683,2
2.4397000149753385,-2.0388852280027088,1
0.9287968847930734,-1.3872064382510592,1
0.03569047423242355,-1.3970285886097908,1
-7.852503948050876,3.6274904306838263,3
-1.6945105546892205,-9.414161951090152,0
-0.7300701804460178,-3.517210981320082,2
0.6904021454395417,-0.4935814791529872,1
-3.9513498208136637,1.4180060694879377,3
-6.0164286988936775,3.5989126884157954,3
-5.278804196714544,-0.9347005016262147,3
-1.4695712218723056,-9.55869402879513,0
-3.14499143070321,-3.5114086062466336,2
-1.6811288516026952,-8.997492899825762,0
-2.430319628297795,-8.795857617113244,0
0.6871804378432431,-1.8526853346624714,1
-7.930738116602716,4.033882091311214,3
2.338110033807795,-0.965921068037606,1
-1.6507478327282592,-3.1241498671701926,2
2.255392598505365,-0.4695579360971417,1
-0.8640802080921622,-9.539322626084074,0
-5.189150764704916,3.1415712572009276,3
-6.077728925103748,3.3181731853667595,3
0.3003512905717548,-0.42415197093599855,1
0.17106794262159153,-10.546403243520887,0
-0.92012109648216,-5.726846980174953,2
-0.8398951608785581,-7.238811892118952,0
0.962369231691783,-2.3851241909776295,1
-0.8627927338733337,-9.628892447616288,0
-0.7589925261833611,-10.189669743625174,0
-0.5138263246375103,-0.49954269616253455,1
1.1890325511371713,-2.800592402738061,1
1.898667922780981,-2.1684101215557403,1
-1.6349154974028377,-4.063666762340328,2
2.106665784753567,-2.0368494810563003,1
-6.52838304793601,1.7080524972168685,3
-4.146588921126275,2.0335765817578033,3
-1.8928535148264944,-10.87491738044325,0
3.408506336955028,-1.7214954879648676,1
2.2725700630739643,-2.1537690466948423,1
-2.752665000539151,-3.347311865094255,2
-6.58364222032926,3.0269645215030265,3
-6.0986527021814645,0.8896130330296366,3
1.3250934952866666,-0.6306010280761132,1
-5.6053509394306715,3.609388079510793,3
-0.8697706801356423,-4.465027191289305,2
-7.24072682423831,1.8330202291345663,3
-3.714869533680969,-9.368748858625525,0
4.303929615821927,-2.7104195637199595,1
-2.7811420469674593,-11.996914819586365,0
-0.07126109410422643,-1.5493799703791151,1
-3.2647338877598404,-3.942745393994091,2
-0.6385619379672169,-10.221407233245204,0
-0.4970818698196865,-9.888538410255986,0
-3.0305285031629534,-3.035108068431579,2
-4.940528327753644,2.668245748430414,3
1.2703362787197352,-10.95464861124206,0
-1.8390755671550183,-2.4763766238356126,2
-1.1701509443391664,-11.394998581739259,0
-4.469146628341565,3.271655744513672,3
-6.108375365611485,1.542828643868542,3
-0.27165282077761677,-3.8316063451584976,2
-3.2127194755399477,-3.234604585938318,2
-2.9537379426157795,-8.982291005894554,0
-0.2978994890873601,0.7473656061010985,1
-1.8777592157863614,-9.143538753480131,0
-1.7848703312789795,-10.431164243961899,0
-1.0761183543448474,-1.868321305352729,2
-0.6922815349148348,-4.143117618033647,2
-7.442901935072919,2.441973901733171,3
1.4600415819690535,-2.2805126139301617,1
-1.3189609224581977,-4.994873508592783,2
-0.5115844025452037,-1.8200180700844397,1
-0.6107176355630125,-4.253816337714103,2
0.4431101258670376,-6.01023049144833,2
-1.2246010370034435,-2.9330202510671324,2
-1.3676232648051716,-2.9985768965067394,2
1.899232974123335,-4.002343184170168,2
-0.8721535944895042,-9.4750651570293,0
-5.318708503365096,3.109943386342758,3
-0.3708753513516343,-5.226366533667317,2
-0.9513862515631999,-2.0169969194165285,2
-0.24138609256217536,-4.594523325918178,2
-2.3184851674768354,-3.7856505617949234,2
-4.417487296140129,-4.295116619812544,2
-1.0996921502483785,-8.928311089284362,0
-3.6397464687788803,-3.7165884947455217,2
-4.310963297727427,2.27138123900208,3
0.23697588490909904,-3.836923623269537,2
-0.13300201474798357,-9.385918378930299,0
-0.4607312497528291,-2.90549463607345,1
0.31614888724701895,-1.145324711728847,1
-4.644786633596025,2.50591865806961,3
-2.2159708714869093,-8.746064901980706,0
-0.7062422108375088,-3.146841012722719,1
-7.557894940363143,2.131813586697073,3
-6.604908556693586,2.9477798913747457,3
-6.229017582559072,1.961734779025861,3
-1.038180399352945,-2.707534325260048,2
0.0823797828810563,0.688611186801833,1
-3.8373431945756953,4.219796031767348,3
-1.521922712678867,-3.8582618868881147,2
-1.346630320243416,-2.424584913332029,2
1.3925158812602814,0.8533382192359578,1
-5.057327715135481,1.9597844737643957,3
-1.4516249849670546,-1.1267322513484248,2
0.8959966375238669,-0.27354049155005655,1
-2.3788409041559815,-7.896988307046497,0
1.4906345019729337,-1.4196181804872463,1
-6.904227326205808,3.7697325328471303,3
-6.174907228589055,2.5985170779726183,3
-1.2828310841892119,-4.138678554500559,2
-2.1145393477040395,-10.139193810549708,0
-1.463358530939506,-8.461620634072936,0
-5.5468860919524445,3.3899692731754776,3
-5.276552422429488,2.0574700510450605,3
-5.339061913457649,1.4137634209938446,3
-4.989701732688339,2.9645903186085656,3
-7.40286966181902,2.6455116802710235,3
-0.5680407297340717,-11.282191404228096,0
2.0360545989474073,-2.1356567921371825,1
-6.446433915598894,3.203601838950061,3
-4.411912448886159,-4.516164820967887,2
-2.678206306452187,-3.8923136683920063,2
-1.5881046887179506,-10.810390506248911,0
-2.145311921376586,-7.72965720197105,0
-7.22999203287003,0.5550210730265639,3
-5.330823690113471,2.796054293590253,3
0.6228801755120608,-0.9520301370487718,1
-2.1834628673195433,-9.48911767447824,0
-1.3863820232389603,-3.7222793840238086,2
-6.424281114075195,3.067854050915236,3
-2.333620549882362,-2.0156188479957433,1
-1.9996553241925674,-1.0317552229476692,2
-3.3145531869428932,-8.719990284924343,0
-1.5678056667876512,-9.451415307587324,0
1.4025112186193416,-1.9896662701490877,1
0.6348770803909576,-2.2136327387214125,1
-6.934431950202405,3.7505921554603665,3
-5.852049582617895,2.241540344625725,3
0.5002643007229867,-1.3896346041441965,1
-1.5926492995570334,-3.6149131584724232,2
1.4023261640611102,-1.6363648518977914,1
-5.008710890941621,2.855671206813572,3
1.933702358054863,-1.1179105223184183,1
-4.466235310815035,2.630748143951559,3
-7.129159885393206,1.812406257796057,3
1.3147554859786832,-1.600261958708277,1
-2.2286878157233927,-2.632039461599283,2
-1.506893564882694,-5.410272338200743,2
-0.8851487367802713,-10.685288832886897,0
-0.9258183411213561,-4.580146897167761,2
-0.889403439682537,-9.51899566169548,0
0.9060131105344623,-1.991619087198098,1
1.405395664226108,-1.3502986676651465,1
2.2792779099073854,-0.5052597465152501,1
-1.6973404196157058,-2.583210035062254,2
-5.325438763423573,2.0282319825790025,3
-6.2535488943945845,2.0319574511676164,3
-2.28228811420427,-4.5005584291686835,2
-6.19947074125998,2.890214049272699,3
0.8697757112482546,-2.373136074137209,1
-6.207523712674759,3.909602285514384,3
-4.768767056554035,1.4026812422952877,3
-3.130505930951401,-9.150987299443253,0
-1.1411462398993595,-9.36202519877712,0
-1.8445953892215026,-11.569282825730898,0
-6.7483527705700626,2.311726479108416,3
1.4383764390792546,-1.6458180470714185,1
-0.5142499696427312,-2.497115757602579,1
0.9790680488566055,-0.2951936267336762,1
-1.597610292991358,-5.204633739636344,2
-1.2777426228363429,-8.77572282519166,0
-1.6556858420842104,-2.6268613363029214,2
-5.202234469383799,1.5136767835893092,3
0.8463063699253677,0.24586123992675324,1
-0.4854964153797632,-3.804868528386236,2
-2.934515082667941,-2.6275188574119306,2
-5.503697937035064,1.6121545786920517,3
0.8361809569149081,-1.1551331300887762,1
-7.333627506379619,2.0578911508900024,3
-0.6290946750703565,-2.2212313174932277,1
-0.9923547848038017,-8.777024478433141,0
1.1991750147908187,-0.9821162693479143,1
0.4705077046651319,-1.811464530324434,1
-0.7147527299804131,-2.5493985491091884,2
-0.8481129762339812,-10.499338092501741,0
-1.326682338353105,-3.6009297424844013,2
0.4390389367327866,-0.8908083100606022,1
0.22477971715307554,0.16544731909834343,1
-4.222370513076463,-4.4716600386595795,2
1.6581069151790424,1.0418858408889107,1
-7.983348121681977,2.7827204234135783,3
-0.3482145992676129,-8.013143230722525,0
-2.1141386817232486,-3.885629998935602,2
-6.80115273424449,-0.8921119559600377,3
0.17837279508440074,-4.0230253812486145,2
1.9843243509822641,-3.374702837303203,2
-0.9209686253661202,-8.859254948974241,0
0.11912652098637433,-3.7366345785608797,2
-0.9587661613798436,-10.427922227748082,0
-6.128390267320773,2.0264641195776716,3
-6.507195540842948,4.083568914127766,3
-3.473068659867398,-8.882009748013246,0
-2.650525940074496,-8.367945573124171,0
-6.108815037439898,2.252966871701262,3
-1.4160623930113285,-3.144188494549436,2
1.2547538936363698,-3.0359368333159393,1
-2.454093739879321,-3.2750138060068106,2
1.0807969007823168,-1.7983946346254067,1
-8.247334140932946,2.081823451290257,3
-0.8659982092255784,-10.504463582621632,0
-0.9717456955667447,-10.203763418506568,0
-2.968670050346085,-2.78551176140218,2
-2.21431995679357,-2.383282852171327,2
0.9961369681388752,-4.2903137523971875,1
-5.476163223264981,3.1710067494540715,3
0.8713967935754958,-0.5373305826697278,1
-1.016588676478717,-2.409152932413906,2
0.8517261839281576,-1.3054078758105452,1
-1.3417370417819745,-10.434372515568832,0
-0.10657045866497139,-11.825078554442136,0
-2.1663210823107915,-10.557367637305873,0
0.3757988470855367,-1.3279320300956687,1
0.1318063019934097,-2.273630315284689,1
-1.305473687658775,-3.2236683153497676,2
-3.182447984438175,2.5889897436881095,3
-0.07577592257252763,-3.796424216940038,2
-6.375569500036886,0.4310664910702149,3
1.6478363431705807,-0.9274162334914071,1
-3.38901583959137,3.4107862397823814,3
-2.3350176315098317,-10.664232567756995,0
-0.6938978594391587,-9.501862655214254,0
-1.3100285388527029,-1.7323250093081286,2
-0.5868199651134784,-1.1192684670779833,1
-7.359858703043788,0.8753167519041793,3
-1.5712047918753458,-4.012386611516758,2
-1.3538695641040015,-3.1439311452163725,2
-3.3317481117582695,-3.5510446138874934,2
-8.745758843211519,2.475829779504865,3
-0.4387553176168937,-2.561053136360713,2
-0.1979540333783678,-5.075462459714355,2
0.23402421594132017,-0.6831143863796014,1
2.936205200497743,-2.999593211327673,1
-1.9205208667868459,-9.57379865288242,0
-2.5609971351025953,-9.171629086057422,0
1.5642830764582782,-1.8545507483276085,1
-2.114617164545403,-10.478435050516351,0
2.1165218527169447,-2.167916244297782,1
0.02101846539446872,-10.482780516575067,0
-5.266418259823262,0.41388921537164447,3
0.43945303071240405,-1.4576811707665585,1
0.3358326612024545,-2.1615436251037052,1
-1.8079324473454577,-2.512885318394487,2
-1.5666088308327286,-2.7506800371813025,2
-1.153248980523403,-4.010505304980969,2
-1.3285806870062995,-2.879541802833627,2
-6.431132909951696,2.2915760095476285,3
-0.4312805084955914,-10.11473655419361,0
-1.0601975479515455,-1.531567027560947,1
-1.1290842483992827,-3.08344953689292,2
0.22624643241070208,-3.115608041715627,2
1.5123551146563003,-0.7216279919193768,1
0.40557021137174354,-2.296168693346238,1
-1.093580437173912,-9.639904587630614,0
-5.77101750587842,2.8977889221344695,3
-0.15055127332261864,-0.9968570119663984,1
-2.1510540705602477,-9.655036749894927,0
-0.42721656918502826,-3.191276314904637,2
-5.719707016823963,1.9590137212348706,3
1.9117992894854807,-10.817702229361405,0
-5.179268907771765,1.9289500215440445,3
-5.30763309707798,3.5177215912668114,3
-1.661729603124472,-2.023396165373746,2
0.13471348025529528,-2.8924570496077395,1
1.7716154352783917,-1.1708688414307293,1
0.20820342704974915,-2.1282168227705984,1
-7.410037319649321,3.573475464743848,3
-1.1252455590980726,-3.185090050876184,2
-4.435094309033454,1.4450993920170134,3
-0.27554061909478644,-3.3781860535231942,2
-6.1422368414787485,1.5143367717553742,3
-5.5261570557260296,1.1826786810110814,3
-7.123238384078737,-0.9491503704337836,3
-1.7750316225836926,-3.1433754107725385,2
-0.7558055271495762,-8.746195787376971,0
-2.3724086858552162,-3.0931300734011646,2
-3.53672490814876,-3.66369568012849,2
-1.7655873279990524,-3.3856805151624716,2
-2.7984745837475993,-8.02250439228617,0
-3.766381285094631,-2.9507107345713868,2
-6.11275523000273,2.205800112006481,3
0.7143641897947979,-1.9694006528074697,1
-0.36288147948044924,-8.205648462623362,0
-4.187465099870035,3.297045829186843,3
-2.413566830273308,-3.345830560228092,2
-0.8214512593619144,-3.508080531925316,2
2.5276050184564056,-2.3092450963928317,1
-7.041266006352936,1.6135234677391543,3
-0.20574054472150727,-7.485364585834662,0
-5.4826734478269605,1.4415760067037522,3
-2.7334663068167133,-9.819493140798402,0
-1.9627255578476013,-8.898861532240403,0
-1.761369284261804,-2.785556540860878,2
1.2024103840708058,-0.9489013156336166,1
0.7907381752679964,-1.9610604006075305,1
-1.9295615853430457,-2.8690713179285927,2
-1.5247325881184208,-3.8825967531877508,2
-0.6785861434927251,-9.477815872727705,0
-6.7948267367139605,2.3779051828733606,3
-0.4757084662670046,-1.7494969000004845,1
1.7645972990544565,-1.0593952739742503,1
0.45575583767897365,-1.9943334830695516,1
-5.770599214412302,4.042208626754943,3
-0.8580289236784081,-4.826568679899397,2
-0.4664255625016841,-9.393344306143739,0
-1.3407256702090578,-5.28219103744651,2
-2.0886645684869145,-4.006470391754421,2
-1.644716959958357,-11.119089747088834,0
-6.660923221163417,2.9007605264562506,3
0.004471502102344482,-1.0571607007756634,1
-0.9582348481137001,-1.9680572406259167,2
-7.1209438260089035,3.9885734466193288,3
1.0270133235322523,-10.116016513563677,0
0.46171023131230937,-9.92897623963482,0
0.33695071428824985,-1.0898336745936894,1
-1.7374107855706582,-10.21711588628568,0
-1.6189239231891213,-9.717659394294776,0
0.4402590447643857,-1.121111945588368,1
-6.886785381839006,3.231215230938814,3
-5.715279207157034,2.0117997772213614,3
-1.9993557985866022,-10.064889958021181,0
0.6324987213308508,-9.526738566574238,0
-4.461045299323371,1.5237888630055425,3
-1.2094804374703605,-3.763151761221466,2
-6.378101602201692,3.544162167219076,3
-1.206673675544774,-9.155506810488822,0
1.2786909955541659,-0.8335432510994695,1
-4.870455399280296,1.7283854541731642,3
-5.806628196755236,2.1624931311761135,3
-1.4379196330143964,-1.7133432434258788,1
-1.6352123659209123,-3.0830107150668455,2
0.8420719765318592,-0.7182266618389237,1
-1.4472707315103048,-10.058086293727209,0
-5.210115641780462,0.010194472689218248,3
-6.649435088939,3.5094009636951666,3
1.514205825884177,-2.8450124001610235,1
-2.5275743887712645,-9.559021613070728,0
-1.2820548696213194,-10.713139854135289,0
-0.9058122318803415,-9.03004140853961,0
-2.655732341234107,-2.861216053084306,2
-0.944193562050565,-7.577099454261921,0
-0.532503015380657,-9.71437236449095,0
-0.5101468789525943,-4.236159312327527,2
-5.642081315230776,3.8562791112924764,3
-0.6232858457755608,-0.4813982947325618,1
-0.6430077184704935,-4.079618506053649,2
-3.741757275452551,2.5825882333481536,3
-5.441746298380571,2.3881749630210862,3
-3.2235094749441493,-4.247387985210144,2
1.5919771677949428,-1.529185680584419,1
-1.7871757594110254,-9.739524789663209,0
-2.6672713704874873,-9.758141726818247,0
-3.0259315390784836,-2.7918691694542606,2
-7.118378094357277,2.7091995720471065,3
-5.323544050979008,1.939638534905268,3
2.0228235966427563,-1.136988974638755,1
-1.426066368100011,-10.425773639143886,0
-2.3684138296871495,-4.118187287822845,2
0.1563171027589838,-1.7010085710012781,1
-5.596101846187805,2.851007005638455,3
0.3887912159784982,-1.1777350042341574,1
-2.8094933126561425,-9.789463100190433,0
1.8099166873421788,-1.2277297371687168,1
2.314215871931866,-1.0255403635461473,1
0.35599553388484595,-2.726920392551047,2
-6.128033866573116,1.6625957911641285,3
-0.9463801373928145,-1.9211944349174068,1
-6.293674427234637,2.0039386577092024,3
1.211865315941282,-2.4185077692800885,1
-2.146692490509654,-2.156272566330216,2
-0.3957429582648053,-9.332589174614947,0
-1.576510528363011,-8.896115264736187,0
1.485735057928156,-1.2222722767401486,1
-1.8046642846365966,-2.3968694752345328,2
-2.239677902784778,-2.503320943632639,2
-0.15561909646745065,-10.979315168949793,0
1.2455577822514565,-1.4508613750021468,1
-3.3034658961677787,-9.213502786963542,0
-0.48349452388588254,-1.4154042678788357,1
2.9872158544171774,-0.3102319159335182,1
2.9089284396965134,-2.9539569884165138,1
0.7141044450429845,-0.8758498069484124,1
-1.6778077132456608,-9.480846679331377,0
-0.6024517347732911,-4.8897722761958,2
-2.182348025230427,-10.072447638911619,0
0.296788220980569,-10.888174948355788,0
-2.535529175505783,-8.543311692168029,0
-5.204632726869631,2.6720191223204943,3
-0.4608951234501636,-10.737287578618858,0
-3.391908953692025,-1.1828797872302426,2
0.29508497444088944,-2.550124966048296,1
-0.9096574204966905,-8.121841500769577,0
-2.07497440172286,-9.886761630261404,0
-2.4939239162072755,-3.42741374048195,2
-1.8521411213596708,-2.662592630162348,2
0.897291287519852,-0.6625805856816059,1
-5.5943456383602586,4.449403947126412,3
-5.607529840799357,3.8802621701560884,3
-5.580572246935961,3.265752923197792,3
-5.8448760907234645,2.7285685705948612,3
2.0932240722900257,-0.6808746562689126,1
-0.30498879689333913,-1.052514940708056,1
1.3822332912552375,-1.9204791750226047,1
-2.5841328021186754,-3.8885138128478975,2
-1.8832427493179162,-9.43951773424518,0
-0.6699578707532674,-9.057978462999301,0
-2.0678514974792255,-9.056721691166883,0
-1.311211044346784,-3.7161553330961103,2
-3.1767436340258977,-4.948100212827641,2
-1.1949524575131067,-3.471555174512151,2
-0.466904416888656,0.8272306732562615,1
-2.4311049013010733,-9.907997834297444,0
-1.1390936788116564,-3.1558617664895845,2
-0.5899210335412405,-8.595783860471187,0
-0.1694566768457999,-9.85481417637864,0
-1.354104932034011,-10.467971727416815,0
-1.9568272082827016,-2.6935915629677787,2
-1.6445810487725834,-10.357454841107568,0
-1.1384605038290896,-10.725579303290985,0
0.21684983236256117,-11.012586471034615,0
-5.76388878997964,2.292671821576868,3
-2.158209850400267,-9.637909533826797,0
-3.32042500588864,-9.435219840300476,0
-4.639144971826079,1.8172391738420437,3
1.3854224018629,-0.7147911546280804,1
-0.9648258753200851,-7.61526715817916,0
0.7720691316079298,-0.10651572937716214,1
0.4309387478157295,-1.175638565120713,1
0.9617021846705641,-0.7717451770060211,1
-4.946143644416921,2.2030340720323203,3
0.42455442029760904,-1.6780854821733386,1
2.2888471068922893,-1.8463588255702041,1
0.20383454688981295,-3.1292378728861747,1
-2.2440671704897106,-10.205852772905597,0
-5.286650608230287,1.7678889028911704,3
-2.0105793820211435,-5.27583811382182,2
-0.007857331404284462,-10.88332849059655,0
1.3792288768985228,-1.0296328499171667,1
-2.15523311667099,-3.2167593723428256,2
-6.743001501799489,4.429599706213322,3
-1.52958452075594,-3.167802130321172,2
-7.274209182435253,3.842160264680415,3
-0.032179110884372086,-0.8404990720534065,1
-5.505491875744229,1.127567270068724,3
0.5174873641837792,-1.2884376704732379,1
-4.268670705055801,-4.35546099603482,2
-0.2797360706092298,-9.862567880957524,0
-1.590085132037542,-10.53480737461613,0
-0.17095867579827684,-11.246393091717929,0
-0.3433881723819012,-2.186492505329338,2
-0.33098022888585266,-9.43056837495844,0
-3.554774633994856,1.0663060016080206,3
-0.4513667951502469,-1.9985371894397919,2
-0.4660545550702664,-2.288091812473545,2
-0.9490848856259096,-3.3629676712972976,2
-6.22711650190427,3.1858137206896573,3
-2.8857409292333407,-4.036729786025773,2
-5.74116679013795,1.8653992879676426,3
0.809892251121925,-1.0992162611760803,1
-2.092033165432797,-2.892946075635953,2
-1.9814484022617047,-3.0853119603505115,2
-2.0279729064537872,-9.472450112468849,0
-7.887200431920897,2.4415376142471974,3
-6.927287653567607,3.6273191233512954,3
2.132010615990515,-1.4660883995711864,1
-1.4625995804356038,-11.309741702956083,0
-0.6158805437642948,-8.746590695701222,0
0.8379198341601466,-3.4225830122892993,2
-4.624747405353088,3.711931525695891,3
-5.613234113706645,2.736946266808415,3
-6.030780746829115,2.3249073883463995,3
-5.641752910887505,3.655722229172314,3
-2.7009667863145985,-3.523477636880256,2
-0.5780884322520682,-9.837611294078663,0
-1.0734120597784247,-9.552351719400406,0
-3.6928356502948416,-2.8921319783381922,2
-5.931948994137172,2.323034516198192,3
-0.8996299869449244,-9.698610632187053,0
-5.92619195244684,1.3963202707660876,3
-6.293108087857996,1.7642192447458975,3
-1.5211291534236064,-1.7086941174076418,1
-0.766628394796209,-2.8462303806952702,2
-5.965768886040237,2.5026396229451273,3
-6.928055150759428,1.4079727246207876,3
0.32078541078939804,-2.8561796949288736,1
-1.258841107350498,-8.570557848577431,0
-1.543490034210413,-10.158835855185249,0
-2.0990011572764935,-9.814114628289623,0
-1.6708632009851883,-2.5501112591445265,2
-5.061279516869843,0.8678753603469567,3
1.7101309869630135,-0.9452715391958393,1
-2.379399266288349,-10.1630060079062,0
0.9219413106790582,-0.6870932715783648,1
-1.9689780502501635,-1.7496839659057768,2
1.4486794185589065,-1.408446675602511,1
0.831230046920147,-0.5590332287399661,1
-5.877821657193708,1.836472630218152,3
-5.274004539200535,2.4644733235622502,3
0.846854915474179,-0.7202092391259821,1
-0.053570518076658136,-5.906867189469221,2
-0.20327230762973847,-9.04406513158138,0
-1.4198887841621444,-2.006256751550877,1
-0.5725090911189856,-9.367421485514814,0
-1.5109149652711786,-8.592353045553732,0
1.644643210228347,-2.7516898962969165,1
-0.3193200123166967,-8.723105016275404,0
2.74474634242324,-0.5742174696223106,1
-0.7612658302484515,-9.117027358295848,0
-0.7668505128505918,-9.816319488899893,0
-1.8027570471841368,-9.910487626792312,0
-2.186886628250988,-4.309839745498037,2
-1.0271560312377148,-10.786908790372298,0
-1.798425895574198,-5.386338324501882,2
-0.5402487876635835,-3.7076566594493827,2
-1.2196395081570128,-10.820064243310696,0
-0.9236661384937577,-10.734540060335258,0
-5.7734025767159345,2.63914672480837,3
-3.1386786825824458,-1.3526088421424043,2
-0.43439823738293915,-3.4997706593215137,2
-4.4208383724516604,-0.21935348240408814,3
1.8348640019204479,-0.8492665851551803,1
-0.318997644542347,-8.364959373199396,0
-3.008673485905409,-3.157079143430948,2
-1.0332444486931172,-10.950251162729456,0
-0.7113763635738212,-9.715958031566766,0
-3.853765935609225,2.0607864395690485,3
-2.2444158316037655,-3.3616541402746547,2
-6.827081683117249,1.0261130297713221,3
-5.27708339396926,0.9276920125048185,3
-2.597669226913962,-11.507068955276761,0
-2.651632291602766,-5.524938683267379,2
-6.184869973322667,2.18907351944477,3
-5.887925220143167,1.8083255156009406,3
1.3195803078360204,0.2587824674790098,1
-5.591090688272555,2.192248825843972,3
-0.49104230857761133,-11.103149166423504,0
0.1794237426255375,-1.5758484481235973,1
0.9539324150897746,-2.608270399185763,2
-4.578595113861512,1.5800466005812108,3
0.24905569500657,-0.41854149415941333,1
-0.5433947627963538,-2.275361233054683,2
2.084958187791121,-0.8193912945079304,1
-0.7782447503786115,-10.325689067272036,0
-7.358611630778253,-0.39751229500660346,3
-0.953034919141188,-10.936834808420423,0
-1.8322725777310127,-2.4172141460099743,2
-2.266912655050554,-5.701443486118613,2
-1.5282452926109775,-9.387903576314056,0
-1.9989722041313647,-4.18697885385798,2
-5.661323047524415,2.089225762521907,3
-2.303616941957955,-9.929650186786542,0
1.8583069437301962,-1.5375321359034313,1
-0.5361335346471463,-1.42831322349776,1
-1.7980362813134978,-8.900189123392838,0
-2.817265071518053,1.3161353666813695,3
-1.4296933098078233,-9.723915963573878,0
-2.7060018370466414,-5.392334068758997,2
-4.799610916663317,0.4560286268119773,3
-1.6516210815157328,-6.32050939389629,0
0.010666004683784758,-9.117366744960359,0
-2.1661388568260076,-2.7629718507826766,2
-1.52445106713227,-10.963246910505884,0
-3.599069329633554,-4.326053812958344,2
-0.9227350964543672,-3.196083849017421,2
-5.093691200637411,1.7967707569174298,3
-6.976671442015266,3.450494126421516,3
-1.8530932173686592,-4.486450822019996,2
-0.8775557863366045,-1.6181314329850698,2
-0.3493397878119868,-2.6250559052462084,2
2.6130562468576266,-0.3402892656546944,1
-6.103872875744508,2.093307760058268,3
-0.03165165913994783,-10.727201916496524,0
